id,url
23019,https://www.google.com/search?q=Panos+City+Antwerpen+(Nationalestraat)&stick=H4sIAAAAAAAA_-NgU1I1qDAxTzZOM0szNDcxN7ZIS0myMqgwTLIwt0hJMUtNTTFLSbRMWcSqFpCYl1-s4JxZUqngmFdSnlpUkJqnoOGXWJKZn5eYk1pcUpSYWKIJAJ1S8itSAAAA&hl=fr&mat=CQ9HGP4z7Ba1ElcBqiIDwgxCCfHgBHAy2MYvinQccQwXWpk6uu90Zb03Zs5ALBFo3b88oikn-X5i2yGb3m25uiEDLvLWN6IYP163_InPwXOM5PlEVFwxFIt7AEsjwaE9BMg&authuser=0
23152,https://www.google.com/search?q=Panos+City+Berchem&stick=H4sIAAAAAAAA_-NgU1I1qDAxTzZOMzcytjQyTUw2SrG0MqhITrI0MEhLMTY3NU5LSzExX8QqFJCYl1-s4JxZUqnglFqUnJGaCwAwK8pnPgAAAA&hl=fr&mat=CWZFbAIMKVF6ElYBqiIDwmMbhjXiU3QkDjbaOu7g-5MbfpI_nYz6EeEO3itaA8HiUhU29ZkCtdvtw-1NBuE9uviDaFHaVitQPs9j70lK5bjLXlUYYyq1MV7dh5ih8U_OtA&authuser=0
33025,https://www.google.com/search?q=Panos&stick=H4sIAAAAAAAA_-NgU1I1qDAxTzZOSjG3MDU1tzQxSjS0MqhIMzU1MzMyNjJNNjY2tzQ2XMTKGpCYl18MAI-0ETkxAAAA&hl=fr&mat=CYxYGCSas23dElYBqiIDwqqSzQt3bkRBWGxXLzECqQSNczo_yjuNYhkfKF-tPGU6XTJhBKiYF9J6QaT26QFG37hyrYu0He1rnCQwfCYdvCqv107YaPmZmq72tqBvVYYpKg&authuser=0
23050,https://www.google.com/search?q=Panos+City+Lier&stick=H4sIAAAAAAAA_-NgU1I1qDAxTzZOSzYzSkwztkyzSDG2MqgwNkhKSzS3MDQxMTNMSzE1X8TKH5CYl1-s4JxZUqngk5laBAD39piNOwAAAA&hl=fr&mat=CWzhuDDzTfFJElcBqiIDwvkWDVYV48FHKleDCUWCl7tdfsqnk_GaOSLLfeFqkiGlw7BC9zo_fAi7AX9wnz1ce-s7jEynPGjlb4xX6-cVKmTy3yAXKcidFSVVTp7gMdigGwc&authuser=0
23725,https://www.google.com/search?q=Panos+Plopsa+De+Panne&stick=H4sIAAAAAAAA_-NgU1I1qDAxT0m2NE80TEu1MLcwTEyxMqgwN0g2tUxJMkoyMzJKNTZNXMQqGpCYl1-sEJCTX1CcqOCSqgDk56UCAHiI0iZBAAAA&hl=fr&mat=CUIj0oUJKop2ElYBqiIDwhAL8wGd50pRBmLdSd8RvjSapPgsgJpqdX2EjeUSnSHzmStiQTAQBv3u-Cki_tDIyeIsB3N_R5l1FyY3HzkCATpGk1tjjN24Ee4qedTfeBp9YA&authuser=0
23296,https://www.google.com/search?q=Panos+Q8+Andenne&stick=H4sIAAAAAAAA_-NgU1I1qDAxTzZMNDcztbA0tLBISzS0AgpZWppYGhglG6UmGianGSctYhUISMzLL1YItFBwzEtJzctLBQByNgSjPAAAAA&hl=fr&mat=CSCiV9nISloJElcBqiIDwu7mzudHmUYajHKdEKjj9iV0_aWuEPDPLVzzztxxSztS-PGDtXY3oKvengjgo5D9y4Mj7IUowqQPQTvZI-_cmEOAdSD9PNBbxUDw6XW5t3dwM6c&authuser=0
23563,https://www.google.com/search?q=Panos+Q8+Herent+(Brusselsesteenweg)&stick=H4sIAAAAAAAA_-NgU1I1qDAxTzY0M0izTEq0sEg2NDS1MqhINDRIMjRPSzUxsjA3MzQwWcSqHJCYl1-sEGih4JFalJpXoqDhVFRaXJyaU5xaXJKamleemq4JAFO3jKNPAAAA&hl=fr&mat=Cd5EZDAqGXufElYBqiIDwtVVHubfyAsu1W5M9QAT96crmgUQshcR4uaCKnt2e79ZzBsc3ktKkr_1giIhdbZzQC5_AJWH0ppXcfeATHXm45haxQy7E1gVcujrtK8m0vSciA&authuser=0
23945,https://www.google.com/search?q=Panos+Q8+Herstal+Rue+du+Crucifix&stick=H4sIAAAAAAAA_-NgU1I1qDAxTzZIMzRMMzNPSTMySzG0MqiwTDFKMjCxSDUxTDW3NDAyWcSqEJCYl1-sEGih4JFaVFySmKMQVJqqkFKq4FxUmpyZllkBAJcHN4NMAAAA&hl=fr&mat=CbkD4Flvp6R_ElYBqiIDwnc-znO07DYbmpvQpj_yJYpfFi-rv2oOeruV5fQqnsPwNFRguLSPcVK3rxns6i4sSi3qNfPQ4gtACJVf6vXpqiuu5DO_sbBkqiZBMn86NxbnMQ&authuser=0
23413,https://www.google.com/search?q=Panos+Q8+Linkebeek&stick=H4sIAAAAAAAA_-NgU1I1qDAxTzZONrVIsbQ0T0lKMza0MqgwSkm2TEw0N05NSk01SkwyWsQqFJCYl1-sEGih4JOZlw0SzwYAbSq5FT4AAAA&hl=fr&mat=CeWZJ4SKi09sElcBqiIDwm5zg37QUbRl2co7XeDwFjQzgXUMKBpUUsvKq7hjpKpSpZjAPtUE7G3Rq4Fl5HNnMgNo9QPTg58wfl5Mo00vcWojX6OqjqM_H9b3VgrqJ7k92Qk&authuser=0
23749,https://www.google.com/search?q=Panos+Q8+LU+Saeul&stick=H4sIAAAAAAAA_-NgU1I1qDAxT01MTDE2SEw1N7FMMjO2MqgwNbQ0STQzMQYSZkZGZgaLWAUDEvPyixUCLRR8QhWCE1NLcwCbvbUPPQAAAA&hl=fr&mat=Cb_CpHorVRz1ElYBqiIDwiXeLv35Mm94hyzgqlMZJJ80P6tixbg7_JjhmxFEUb4wilisvjnxJPDAehAfoJ4CjKZIzKvjSPFys-PdKoPh5Dkj4hwqxlYeEJLWVxPVpqIJnA&authuser=0
23315,https://www.google.com/search?q=Panos+Q8+Mechelen&stick=H4sIAAAAAAAA_-NgU1I1qDAxTzZONTO3TEpONklJtEiyMqgwNTQ2NTQyM0mzNDZJMTA0W8QqGJCYl1-sEGih4JuanJGak5oHANzM7BQ9AAAA&hl=fr&mat=CWJ1L0x4h7jvElcBqiIDwhZqWN79GOf0F8EL6WVIcUZJrt760q6zvVJIw710Mmo1Hg_wHLwpPXz-sOTU11ZKmAc8n8V3Iufjjog6IfidUeOv36uMpC3T5hKmnQfMs1k4M4g&authuser=0
